Nr.,Name der politischen Partei,Datum der Hinterlegung
1,"""1. Demokratische Partei Österreichs""",13.08.1993
2,"""99-eins"", Kurzbezeichnung ""991""",08.05.2013
3,"""A.L.R. Partei für authentische Lebensräume""",02.05.2000
4,"""Abendländisch-National-Europäische Union (ANEU)""",31.05.1995
5,"""agendAVolk"", Kurzbezeichnung ""AV""",22.10.2014
6,"""AKTION CHRISTLICHES EUROPA (ACE)""",06.04.1998
7,"""Aktion für humanistische Medizin"", Abkürzung ""AFM""",09.11.1993
8,"""Aktion Neue Rechte - ANR""",24.09.1975
9,"""AKTION UMWELT SPIEGEL""",25.05.1992
10,"""Aktionistische Partei Ostösterreichs"" (A.P.O.)",20.12.1983
11,"""AktionsGemeinschaft Kärntner Studenten"", abgekürzt ""AG""",13.09.1995
12,"""AL/VGÖ Wahlgemeinschaft Vorarlberg"", Abkürzung ""GRÜNE""",16.09.1988
13,"""ALLGEMEINE PARTEI ÖSTERREICHS"", kurz ""APÖ""",08.02.1983
14,"""Allianz für Österreichs Zukunft""",27.04.1990
15,"""Alpine Pogo Partei Österreich"", Kurzbezeichnung ""APPÖ""",30.06.2006
16,"""Alternative Basisliste"" (ALB)",19.06.1986
17,"""ALTERNATIVE BEWEGUNG ÖSTERREICHS (ABÖ)""",19.11.1982
18,"""Alternative für Österreich - neu (AfÖn)"", Kurzbezeichnung ""AfÖn""",16.09.2013
19,"""Alternative für Österreich (AfÖ)""",14.04.2013
20,"""ALTERNATIVE LISTE (AL)""",19.11.1982
21,"""ALTERNATIVE LISTE BURGENLAND - FÜR DEMOKRATIE UND UMWELTSCHUTZ"" (AL - BGLD)",27.01.1983
22,"""Alternative Liste Graz""",15.02.1988
23,"""Alternative Liste Heidenreichstein"" (ALH)",28.04.1983
24,"""ALTERNATIVE LISTE KÄRNTEN FÜR DEMOKRATIE UND UMWELTSCHUTZ""",17.01.1983
25,"""Alternative Liste Linz (ALL)""",09.08.1984
26,"""ALTERNATIVE LISTE NIEDERÖSTERREICH - FÜR DEMOKRATIE UND UMWELTSCHUTZ"" (AL-NÖ)",21.10.1982
27,"""Alternative Liste Oberösterreich"" (ALOÖ)",07.12.1982
28,"""ALTERNATIVE LISTE ÖSTERREICH - DIE GRÜNEN ALTERNATIVEN (ALÖ)""",19.11.1982
29,"""ALTERNATIVE LISTE ÖSTERREICH - FÜR DEMOKRATIE UND UMWELTSCHUTZ (ALÖ)""",19.11.1982
30,"""ALTERNATIVE LISTE ÖSTERREICH (ALÖ)""",10.11.1982
31,"""Alternative Liste Österreichs - ALÖ""",27.09.1982
32,"""ALTERNATIVE LISTE ÖSTERREICHS"", Kurzbezeichnung ""ALÖ""",08.11.1982
33,"""Alternative Liste Salzburg - für Demokratie und Umweltschutz"" ALS",19.01.1983
34,"""ALTERNATIVE LISTE SALZBURG""",07.04.1982
35,"""ALTERNATIVE LISTE STEIERMARK""",27.10.1982
36,"""Alternative Liste Tirol""",21.01.1983
37,"""Alternative Liste Vorarlberg (ALV)""",09.12.1987
38,"""Alternative Liste Vorarlberg (ALV)""",22.12.1987
39,"""Alternative Liste Wels (ALWE)""",21.11.1983
40,"""ALTERNATIVE LISTE WIEN - Für Demokratie und Umweltschutz"", Kurzform ""AL-Wien""",03.02.1983
41,"""ALTERNATIVE LISTE WIEN"" (ALW)",28.06.1982
42,"""alternative liste wiener neustadt - für demokratie und umweltschutz""",10.02.1983
43,"""Alternative Sozialisten - Partei des sozialen und gesellschaftlichen Fortschritts""",02.03.1990
44,"""Alternatives Forum Pottendorf (AFP)""",20.07.1994
45,"""Alternativ-Grüne Initiative Luftenberg"", Kurzform ""AGIL""",28.09.1983
46,"""AMERIKANISCHE PARTEI"" in Österreich, Kurzbezeichnung ""APÖ""",24.06.1980
47,"""Anarchistische Aktionsgruppen"" (A.A.G.)",14.10.1983
48,"""ANARCHISTISCHE PARTEI ÖSTERREICHS"" (APÖ)",14.06.1982
49,"""Andas""",23.04.2015
50,"""Anti Aids Initiative (aAI)""",14.04.1987
51,"""Anti- Korruptions- Partei"", kurz ""AKP""",03.11.2010
52,"""ANTI-EG-LISTE Österreich muß Österreich bleiben"", Abkürzung ""ANTI""",04.03.1994
53,"""Anti-EG-Partei""",12.11.1992
54,"""Antiimperialistische Koordination (AIK)""",28.09.2004
55,"""ARBEIT. UMWELT. SAUBERKEIT."" (AUS)",18.08.1982
56,"""Arbeiter und Meister Partei Österreichs (AMPÖ)""",29.02.1980
57,"""Arbeiter.innen.kampf (ARKA)""",30.09.2011
58,"""ARBEITSGEMEINSCHAFT BESSER LEBEN Partei zur Verbreitung von humanökologischem Wissen""",03.03.1982
59,"""Arbeitsgemeinschaft bewußt gesund Partei für Gesundheit und Heilung""",29.01.1999
60,"""ARBEITSGEMEINSCHAFT ERHALTENSWERTER GEBÄUDE"" -ARGE ERGE-",30.06.2004
61,"""Arbeitsgemeinschaft für demokratische Politik"", abgekürzt ""AFP""",22.05.1978
62,"""Arbeitsgemeinschaft Ja zur Umwelt, Nein zur Atomenergie""",19.02.1991
63,"""ARBEITSGEMEINSCHAFT MENSCH IN DER UMWELT"" -MIDU-, Kurzbezeichnung: MIDU",30.04.2010
64,"""Arbeitsgemeinschaft Neue Lernkultur"", - Bewegung bildungsbewußter Bürger -, kurz ""Arge Lernkultur""",29.05.1995
65,"""ARBEITSGEMEINSCHAFT WORLDWIDE TECHNOLOGY EXCHANGE"" -WTX-, Kurzbezeichnung ""WTX""",20.02.2012
66,"""Arbeitsgemeinschaft zur Erhaltung schutzwürdiger Altbauten und Förderung der Altstadterhaltung"", Kurzbezeichnung ""AG ALTBAU""",21.08.1989
67,"""Arbeitsgemeinschaft zur Förderung der Sanierung von Altbauten zur Erhöhung der Wohnqualität und Neuschaffung von Wohnraum"", Kurzbezeichnung ""AG SANIERUNG""",21.08.1989
68,"""Arbeitsgruppe Marxismus"" (AGM)",16.11.1994
69,"""ASO AUTOFAHRER SCHUTZ OFFENSIV""",11.03.2003
70,"""ASVG-Aktionsgemeinschaft der Pensionisten Österreichs""",28.08.1989
71,"""Ausländer-Halt-Bewegung""",09.04.1987
72,"""Austria Allianz""",14.05.2013
73,"""Autonom revolutionär subversiv chaotische Hackler Partei"" (A.R.S.C.H. Partei)",23.07.1986
74,"""AUTONOME GRUPPE KOMMUNISTISCHE POLITIK (KOMPOL)""",29.04.1981
75,"""bad ischl SPEZIAL"" (BIZ)",28.06.1991
76,"""Badai"" bzw ""die Badai""",07.04.2015
77,"""BADEN KREATIV""",06.12.1993
78,"""BASIS GRAZ""",12.01.2005
79,"""Basisdemokratische Liste (BDL)""",24.12.1986
80,"""Basisinitiative Pharmazie"", Abkürzung ""BIP""",25.03.1991
81,"""Befreiung der Produktivkräfte""",29.12.1980
82,"""Bewegung 5. November""",10.10.1980
83,"""Bewegung für soziale Befreiung""",11.05.2000
84,"""Bewegung Zukunft Vorarlberg (BZV)""",14.04.2005
85,"""BIO"" Überparteiliche Bürgerinitiativen Organisation",21.06.1994
86,"""BLA - Bürgerliste Lambach""",04.02.1991
87,"""BRAVO ÖSTERREICH""",30.10.1983
88,"""Bruck 2001 (Grün-Soziale Stadtpartei)""",18.01.1990
89,"""Bund freier Patienten (BFP) Bürgerinitiative für freie Heilkunde, freie Therapiewahl ua Patientengrundrechte"", Kurzbezeichnung ""Patientenbund""",11.10.1995
90,"""BUND GEGEN ANPASSUNG""",16.05.1988
91,"""BUND UNABHÄNGIGER STUDENTEN (BUS)""",12.05.1982
92,"""BÜNDNIS 2000""",20.10.1995
93,"""Bündnis '93"", Abkürzung ""B 93""",13.11.1992
94,"""Bündnis 94"", Abkürzung ""B 94""",13.11.1992
95,"""Bündnis 95"", Abkürzung ""B 95""",13.11.1992
96,"""Bündnis '96"", Abkürzung ""B 96""",13.11.1992
97,"""Bündnis für die Zukunft Österreichs (BZÖ)""",04.04.2005
98,"""BÜNDNIS NEUTRALES FREIES ÖSTERREICH"", Kurzbezeichnung ""NFÖ""",17.03.2003
99,"""Bündnis radikaler Organisationen - (B.Ü.R.O.)""",26.11.1992
100,"""Bündnis Zukunft Kärnten"", Kurzbezeichnung ""BZÖ"" bzw ""BZÖ-Kärnten""",12.03.2010
101,"""Bündnis Zukunft Österreich - Tirol (BZÖ-T)""",21.07.2005
102,"""Bündnis Zukunft Österreich - Vorarlberg (BZÖ - Vorarlberg)""",25.07.2005
103,"""Bündnis Zukunft Österreich (BZÖ)""",04.04.2005
104,"""Bündnis Zukunft Österreich Landesgruppe Wien - Die Stadtpartei (Kurzbezeichnung: BZÖ Wien)""",07.04.2005
105,"""Bündnis Zukunft Österreich Salzburg (BZÖ Salzburg)""",04.05.2005
106,"""bunte hilfe""",10.02.1983
107,"""BÜRGER UNION""",20.01.2014
108,"""BÜRGERAKTION '90 für mehr Gerechtigkeit"", Kurzbezeichnung ""B90""",19.03.1990
109,"""Bürgeranwaltschaft""",04.06.1997
110,"""Bürgerbewegung Österreich stoppt die Politiker""",28.07.2008
111,"""Bürgerbewegung Österreich""",28.07.2008
112,"""Bürgerbewegung Rettet Österreich""",28.07.2008
113,"""BÜRGERFORUM '90 für mehr Gerechtigkeit"", Kurzbezeichnung ""F90""",19.03.1990
114,"""Bürgerforum Österreich Liste Fritz Dinkhauser""",21.08.2008
115,"""Bürgerforum Sollenau""",13.12.1989
116,"""Bürgerforum Tirol - Liste Fritz""",22.04.2008
117,"""Bürgerforum Völkermarkt"", Kürzel ""BüFo""",07.08.2014
118,"""Bürgerforum""",07.03.1991
119,"""Bürgerinitiative Demokratisch Leben (B.D.L.)""",22.03.1991
120,"""Bürgerinitiative gegen den Verkauf Österreichs an die EG"" Partei zur Erhaltung der Selbständigkeit Österreichs",26.01.1993
121,"""Bürgerinitiative 'Nein zu EWR & EG' Partei zur Verbreitung von kritischem EWR und EG Informationsmaterial""",01.10.1993
122,"""Bürgerinitiative Österreich""",28.07.2008
123,"""Bürgerinitiative Parlament""",05.12.1985
124,"""BÜRGERINITIATIVE ÜBERLEBEN""",18.01.1983
125,"""Bürgerinitiativen Österreichs""",28.07.2008
126,"""BÜRGERLICHE GRÜNE ÖSTERREICHS - LANDESVERBAND NIEDERÖSTERREICH"", Kurzbezeichnung ""BGÖ""",05.09.1983
127,"""BÜRGERLICHE GRÜNE ÖSTERREICHS (BGÖ)""",22.11.1993
128,"""Bürgerliche Grüne Österreichs (BGÖ), Landesverband Wien"", Kurzbezeichnung ""BGÖ""",18.08.1992
129,"""BÜRGERLISTE ENZESFELD-LINDABRUNN""",23.04.1990
130,"""Bürgerliste Mensch & Natur""",28.09.1994
131,"""Bürgerliste Österreich""",28.07.2008
132,"""Bürgerliste Österreichs"", Abkürzung ""BLÖ""",18.06.1986
133,"""BÜRGERLISTE PETRONELL""",03.04.1989
134,"""BÜRGERLISTE SCHREINER""",30.12.1994
135,"""Bürgerliste Wels"", Kurzbezeichnung ""BLWE""",30.01.2014
136,"""Bürgernahe Partei Österreich - Landesgruppe Vorarlberg""",27.11.2003
137,"""BÜRGER-PARLAMENTS-BEWEGUNG""",19.03.1985
138,"""Bürgerpartei Österreichs"" (BPÖ)",29.07.1998
139,"""BÜRGERPARTEI"" (BP)",08.07.1987
140,"""Bürgerprotest & Nichtwähler"" (BPN)",08.07.1987
141,"""Bürger-Rechts-Bewegung""",06.04.1989
142,"""BÜRGERSCHUTZ Österreich (BSÖ)""",14.03.1994
143,"""BZÖ - Bündnis Zukunft Niederösterreich""",22.06.2007
144,"""BZÖ - Bündnis Zukunft Oberösterreich""",20.07.2012
145,"""BZÖ - Bündnis Zukunft Steiermark""",30.06.2005
146,"""casework alternative liste""",25.09.1987
147,"""CASEWORK""",11.03.1987
148,"""Christdemokraten Österreichs"" - kurz: ""CDÖ""",26.08.2005
149,"""Christdemokratische Arbeitnehmer-Partei""",12.12.1997
150,"""CHRISTDEMOKRATISCHE PARTEI"", kurz ""CDP""",04.05.1990
151,"""Christdemokratische Union (CDU)""",12.12.1997
152,"""Christdemokratische Volksabstimmungspartei"", kurz ""CDVP""",07.01.2010
153,"""Christdemokratische Volkspartei""",12.12.1997
154,"""Christen-Allianz""",22.01.2010
155,"""Christlich Europäische Union (CEU)""",04.12.2003
156,"""Christlich soziale Allianz (CSA)""",28.04.1999
157,"""Christlich Soziale Allianz"", kurz ""CSA""",16.04.1999
158,"""Christlich Soziale Partei""",01.02.1994
159,"""Christlich-Demokratische Union Österreichs"", Kurzbezeichnung ""CDU-Ö""",02.03.1999
160,"""CHRISTLICHE - WÄHLER - GEMEINSCHAFT"" (CWG)",01.06.1990
161,"""Christliche Allianz (CA)""",25.09.1991
162,"""Christliche Arbeitnehmer-Partei""",12.12.1997
163,"""Christliche Partei - Steiermark""",13.01.2012
164,"""Christliche Partei - Tirol""",30.01.2012
165,"""Christliche Partei Österreichs - Salzburg"" (CPÖ - Salzburg)",21.10.2010
166,"""Christliche Partei Österreichs""",09.12.2005
167,"""Christliche Union""",12.12.1997
168,"""Christliche Volkspartei""",12.12.1997
169,"""CHRISTLICHES FORUM""",29.03.1994
170,"""Christlich-Soziale Arbeitnehmer-Partei""",12.12.1997
171,"""Christlich-Soziale Arbeitsgemeinschaft"" (CSA)",08.02.1978
172,"""christlich-soziale Mitte Österreichs"", kurz ""CSMÖ""",08.08.1983
173,"""Christlich-soziale Union (CSU)""",12.12.1997
174,"""Christlich-Soziale Union Österreichs"", Kurzbezeichnung ""CSUÖ""",22.10.1998
175,"""Christlich-Soziale Union"". Kurzbezeichnung ""CSU""",12.02.2001
176,"""Christlich-Soziale Volkspartei""",12.12.1997
177,"""Club Soziale Aktion"", Kurzbezeichnung ""CSA""",05.02.1987
178,"""Congolesische Volkspartei in Österreich""",28.09.1990
179,"""Context - Initiative für freie Studien und brauchbare Information""",13.01.1992
180,"""Dachverband der Ewiggestrigen""",14.10.1983
181,"""DAS GRÜNE FORUM - DIE ÖSTERREICHISCHEN GRÜNEN (Wahlgemeinschaft von Atomgegner-, Natur- und Umweltschutzbürgerinitiativen, Behindertenselbsthilfegruppen und -organisationen, Sozial-, Frauen- und Jugendorganisationen sowie grüner Politiker und sonstiger Einzelpersonen etc)""",14.01.1982
182,"""DAS GRÜNE FORUM - WAHLGEMEINSCHAFT ÖSTERREICHISCHER GRÜNER"" (Wahlplattform von Atomgegner-, Natur- und Umweltschutzbürgerinitiativen, Behindertenselbsthilfegruppen und -organisationen, Sozial-, Frauen- und Jugendorganisationen sowie grüner Politiker und sonstiger Einzelpersonen etc)",25.06.1981
183,"""DAS GRÜNE FORUM - WAHLGEMEINSCHAFT ÖSTERREICHISCHER GRÜNER"" (Wahlplattform von Atomgegner-, Natur- und Umweltschutzbürgerinitiativen, Behindertenselbsthilfegruppen und -organisationen, Sozial-, Frauen- und Jugendorganisationen sowie grüner Politiker und sonstiger Einzelpersonen etc)",24.02.2014
184,"""DAS MODERNE ÖSTERREICH"", kurz ""DMÖ""",27.02.2006
185,"""DAS VOLK REGIERT SELBST"", kurz ""DVRS""",08.08.2005
186,"""DEMO-Austria (Kurzname DEMO)""",17.03.1992
187,"""DEMOKRATEN (D)""",17.02.1993
188,"""Demokratie 92""",14.09.1998
189,"""Demokratie 99""",18.07.2012
190,"""Demokratie Bewegung Österreich"", kurz ""DBÖ""",28.10.2003
191,"""Demokratisch Frei Konstruktiv"", kurz ""DFK""",31.12.2014
192,"""Demokratische Alternative""",30.10.1980
193,"""Demokratische Arbeits-Gemeinschaft"" - DAG",09.10.1987
194,"""Demokratische liberal - nationale Aktivgruppe""",13.01.1993
195,"""Demokratische Liberale Partei Österreich - Liberaler Club (D.L.P.)""",09.06.2014
196,"""Demokratische Partei Österreich""",10.11.1983
197,"""Demokratische Partei Österreich"", kurz ""DPÖ""",11.02.1983
198,"""DEMOKRATISCHE PARTEI VORARLBERGS"", Kurzbezeichnung ""DPV""",26.11.1987
199,"""DEMOKRATISCHE REFORM-PARTEI ÖSTERREICHS""",17.04.1990
200,"""Demokratische Republikaner"" (Demo-Rep)",02.11.2010
201,"""Demokratische Soziale Union"", Kurzform ""DSU""",17.07.1997
202,"""Demokratische Union""",01.12.1997
203,"""Demokratische-Kärntner-Liste""",14.03.1994
204,"""demontage - Initiative zur Förderung des politikwissenschaftlichen Gegendiskurses""",05.05.2010
205,"""Denk Um"", Nebenbezeichnung ""Wirtschaftsliberale Sozialpartei"", Kurzbezeichnung ""DU""",24.11.1988
206,"""Der Norden"" - (Mühlviertel) Weinviertel (Waldviertel), Abkürzung ""Der Norden"" (M)W(W)",11.07.1991
207,"""Der Perger"" - Club für aktive Freizeitgestaltung",07.09.2012
208,"""DER WANDEL"", Kurzbezeichnung ""WANDL""",15.11.1983
209,"""DEUTSCH-VÖLKISCHE PARTEI""",05.07.1995
210,"""Die aktive liberale Partei Österreichs"", Abkürzung ""A.L.Ö.""",18.05.2015
211,"""Die Alternativen Österreichs (AÖ)""",19.11.1982
212,"""Die Anderen - Libertäres Forum"", Kurzbezeichnung ""Die Anderen"", Abkürzung ""DALF""",23.07.1992
213,"""Die Anderen - Libertäres Forum/Bezirksgruppe Alsergrund"", Abkürzung ""DALF""",25.08.1992
214,"""Die Anderen - Libertäres Forum/Bezirksgruppe Hernals"", Abkürzung ""DALF""",18.09.1992
215,"""Die Anderen - Libertäres Forum/Bezirksgruppe Mariahilf"", Abkürzung ""DALF""",18.09.1992
216,"""Die Anderen - Libertäres Forum/Bezirksgruppe Neubau"", Abkürzung ""DALF""",25.08.1992
217,"""Die Anderen - Libertäres Forum/Bezirksgruppe Ottakring"", Abkürzung ""DALF""",18.09.1992
218,"""Die Anderen - Libertäres Forum/Bezirksgruppe Wieden"", Abkürzung ""DALF""",25.08.1992
219,"""Die Anderen - Libertäres Forum/Regionalgruppe Wien"", Kurzbezeichnung ""Die Anderen"", Abkürzung ""DALF""",25.08.1992
220,"""DIE BESTE PARTEI - Die Partei für Frieden, Freiheit, Fröhlichkeit""",30.03.1992
221,"""Die Bewegung""",10.12.1991
222,"""Die Bewegung""",04.10.2002
223,"""Die Bürgerliche Partei Österreichs - BPÖ""",20.08.1999
224,"""Die Bürgerlich-Liberalen""",09.09.2009
225,"""Die Christen""",06.11.2009
226,"""Die ChristenPartei"" (DCP) Oberösterreich",20.01.2010
227,"""Die Eber""",19.05.2014
228,"""Die Ehrenamtlichen""",31.03.2011
229,"""DIE EMSIGEN""",01.06.1994
230,"""Die Freiheitlichen in Kärnten""",15.04.1977
231,"""Die Freiheitlichen in Salzburg (FPS) Liste Dr. Karl Schnell""",22.06.2015
232,"""Die Freisinnigen Österreichs (FÖ)""",30.06.1986
233,"""Die Grauen Österreichs""",02.08.1989
234,"""Die Grauen Österreichs/Partei der Senioren""",31.07.1989
235,"""Die Grauen Panther Österreichs""",28.08.1989
236,"""DIE GRÜNALTERNATIVEN - BURGENLAND (GAL-Bgld)""",19.09.1986
237,"""Die Grünalternativen - Demokratische Liste"", kurz ""GAL""",19.09.1986
238,"""DIE GRÜNALTERNATIVEN - KÄRNTEN (GAL-Ktn)""",19.09.1986
239,"""Die Grünalternativen - Niederösterreich"", kurz ""GAL-NÖ""",30.06.1986
240,"""DIE GRÜNALTERNATIVEN - OBERÖSTERREICH (GAL-OÖ)""",19.09.1986
241,"""DIE GRÜNALTERNATIVEN - SALZBURG (GAL-Slzbg)""",19.09.1986
242,"""DIE GRÜNALTERNATIVEN - STEIERMARK (GAL-Stmk)""",19.09.1986
243,"""DIE GRÜNALTERNATIVEN - TIROL (GAL-Tir)""",19.09.1986
244,"""DIE GRÜNALTERNATIVEN - VORARLBERG (GAL-Vlbg)""",19.09.1986
245,"""DIE GRÜNALTERNATIVEN - WIEN (GAL-Wien)""",19.09.1986
246,"""Die Grüne Alternative (Grüne) Liste Freda Meissner-Blau (AL, BIP, VGÖ, GAL, GRAS, KEL, Unabhängige …)""",22.09.1986
247,"""Die Grüne Alternative (Grüne) Liste Freda Meissner-Blau (AL, BIP, VGÖ, GAL, GRAS, KEL, VÖGA, Unabhängige …)""",22.09.1986
248,"""Die Grüne Alternative Bezirk Neunkirchen"", kurz ""Grüne-Neunkirchen""",23.07.1987
249,"""DIE GRÜNE ALTERNATIVE GUNTRAMSDORF (GRÜNE)""",02.11.1989
250,"""Die Grüne Alternative Hernals"", Kurzbezeichnung ""GRÜNE""",24.11.1986
251,"""Die Grüne Alternative Krems"" (GRÜNE)",15.06.1987
252,"""DIE GRÜNE BEWEGUNG"" (B)",28.06.1982
253,"""DIE GRÜNE FRONT"" - Wählerpartei der Umweltschützer & Unabhängigen - W.d.U. -",11.03.1981
254,"""Die Grünen - Alternative Liste Graz (GRÜNE)""",05.03.1982
255,"""DIE GRÜNEN - DIE GRÜNE ALTERNATIVE - LINZ"" (GRÜNE)",02.06.2005
256,"""DIE GRÜNEN - DIE GRÜNE ALTERNATIVE - OBERÖSTERREICH"" (GRÜNE)",05.09.1989
257,"""DIE GRÜNEN - DIE GRÜNE ALTERNATIVE - WELS"" (GRÜNE)",05.11.1985
258,"""DIE GRÜNEN - DIE GRÜNE ALTERNATIVE (Grüne)""",05.06.1992
259,"""DIE GRÜNEN - DIE GRÜNE ALTERNATIVE (GRÜNE)""",22.09.1986
260,"""DIE GRÜNEN - Die Grüne Alternative Burgenland - zeleni - zöldek - selene (GRÜNE)""",27.04.1987
261,"""Die Grünen - Die Grüne Alternative Kärnten (GRÜNE)""",30.11.1987
262,"""DIE GRÜNEN - DIE GRÜNE ALTERNATIVE NIEDERÖSTERREICH"", Kurzbezeichnung ""GRÜNE NÖ""",23.07.1987
263,"""DIE GRÜNEN - Die GRÜNE Alternative Salzburg""",21.10.1983
264,"""Die Grünen - Die Grüne Alternative Steiermark (Grüne)""",12.07.1985
265,"""DIE GRÜNEN - DIE GRÜNE ALTERNATIVE TIROL (GRÜNE)"" bzw ""die GRÜNEN Tirol""",13.09.1989
266,"""DIE GRÜNEN - Grüne Alternative Baden (Grüne)""",20.11.1987
267,"""DIE GRÜNEN - Grüne Alternative Bruck/Leitha (Grüne)""",20.12.2002
268,"""Die Grünen - Grüne Alternative Vorarlberg"", (Kurzbezeichnung: GRÜNE)",26.09.1988
269,"""Die Grünen - Grüne Alternative Wien (GRÜNE)""",26.11.1990
270,"""Die Grünen - Partei für gesunde Umwelt und saubere Politik""",07.12.1982
271,"""DIE GRÜNEN (GRÜNE) - Die Grüne Alternative Bezirk Krems"", kurz ""Grüne Bezirk Krems""",07.08.1998
272,"""DIE GRÜNEN ALTERNATIVEN ÖSTERREICHS (GAÖ)""",19.11.1982
273,"""DIE GRÜNEN ALTERNATIVEN"" (GAL)",19.11.1982
274,"""DIE GRÜNEN Amstetten""",14.05.2001
275,"""DIE GRÜNEN Brunn am Gebirge""",07.11.2000
276,"""Die Grünen Demokrat/inn/en""",09.06.1988
277,"""DIE GRÜNEN GUMPOLDSKIRCHEN""",20.02.2004
278,"""Die Grünen Klagenfurt""",04.11.1998
279,"""Die Grünen Leonding"", Abkürzung ""Die Grünen""",05.06.2013
280,"""DIE GRÜNEN MÖDLING""",22.08.1995
281,"""DIE GRÜNEN ÖSTERREICHS - DIE NEUE GRÜNE ALTERNATIVE""",28.02.1982
282,"""DIE GRÜNEN ÖSTERREICHS"" - Vereinte Grüne Parteien - (GRÜNE)",27.09.1982
283,"""DIE GRÜNEN ÖSTERREICHS"" (GRÜNE)",26.11.1984
284,"""DIE GRÜNEN ÖSTERREICHS"" (Wahlgemeinschaft von Bürgerinitiativen, Atomgegnern, Natur-, Umweltschutz- und Behinderten-Gruppen und Organisationen, Frauen- und Jugend-Organisationen, sowie grüner Politiker und sonstiger Einzelpersonen, etc)",28.01.1982
285,"""DIE GRÜNEN PERCHTOLDSDORF""",03.04.2003
286,"""Die Grünen St. Pölten"", kurz ""Die Grünen"", ""Grüne""",13.05.1991
287,"""DIE GRÜNEN Tulln - Ökologisches Bürgerforum (Grüne)""",10.08.1995
288,"""DIE GRÜNEN VILLACH""",06.06.1988
289,"""Die Grünen Wiener Neustadt""",20.07.1988
290,"""DIE GRÜNEN WIENERWALD""",22.08.2013
291,"""Die Grünen Zwettl"", kurz ""GrüZw""",07.11.2001
292,"""DIE GRÜNEN""",27.01.1981
293,"""DIE GRÜNEN"" (GRÜNE)",12.06.1986
294,"""DIE GRÜNEN"", Kurzbezeichnung ""GRÜNE""",18.08.1992
295,"""DIE GRÜNEN, Landesverband Burgenland""",18.08.1992
296,"""DIE GRÜNEN, Landesverband Kärnten""",18.08.1992
297,"""DIE GRÜNEN, Landesverband Oberösterreich""",18.08.1992
298,"""DIE GRÜNEN, Landesverband Salzburg""",18.08.1992
299,"""DIE GRÜNEN, Landesverband Steiermark""",18.08.1992
300,"""DIE GRÜNEN, Landesverband Tirol""",18.08.1992
301,"""DIE GRÜNEN, Landesverband Vorarlberg""",18.08.1992
302,"""Die Hernalser Initiative""",24.07.2006
303,"""Die Jungen Liberalen Österreich"", kurz ""JuLis""",08.02.1993
304,"""Die Liberale Alternative""",26.03.1987
305,"""Die Liberale Initiative""",25.03.1987
306,"""DIE LIBERALEN ÖSTERREICHS""",18.07.1990
307,"""DIE LIBERALEN"" (L)",18.07.1990
308,"""DIE LINKE""",03.12.2012
309,"""Die Mitte""",23.03.2006
310,"""Die Neue Partei""",04.10.2012
311,"""Die Opposition - Bewegung überparteilicher Bürgerinitiativen""",24.06.1994
312,"""Die österreichische Autofahrerpartei""",09.01.1989
313,"""DIE ÖSTERREICHISCHEN GRÜNEN - DIE NEUE GRÜNE ALTERNATIVE""",04.03.1982
314,"""Die Österreichischen Liberalen - Plattform liberaler Kräfte in Österreich"", Kurzbezeichnung ""Liberale""",30.05.1988
315,"""Die Politische Palette Österreichs""",08.10.1999
316,"""Die Rebellen vom Liang Shan Po"" (""D.R.V.L.S.P."")",04.03.1983
317,"""Die Reformkonservativen - REKOS"", Kurzbezeichnung REKOS""",14.11.2013
318,"""DIE REPUBLIKANER ÖSTERREICHS"" (REP)",12.10.1989
319,"""DIE REPUBLIKANER"" (REP)",26.04.1989
320,"""Die Sozialliberalen""",06.03.2002
321,"""Die Stadtpartei Wien 2001""",16.12.1999
322,"""Die Templer - Patriotische Christen Österreichs"", Kurzbezeichnung ""TCÖ""",14.12.2011
323,"""DIE UNABHÄNGIGEN""",21.06.1999
324,"""Die Unabhängigkeitspartei""",02.10.2014
325,"""Die weiße Friedenspartei Österreich"", Kurzbezeichnung ""wFPÖ""",01.04.2008
326,"""Die Weiße Partei Österreich"" (WPÖ)",25.09.2006
327,"""Die Weiße Partei Österreichs, Demokratische Wahlmonarchie (WPÖ/DWM)""",15.06.1989
328,"""Die weiße Rose""",13.05.1988
329,"""DIE WEISSEN EUROPAS (WEISS)""",08.01.2014
330,"""DIE WEISSEN ÖSTERREICHS"" (unabhängige Bürgerbewegung)",13.06.2008
331,"""Die Weißen"" (Die Weissen) Bewegung freier, initiativer Bürger zur Stärkung der kleinen Einheiten ""Small is beautiful""",06.07.1994
332,"""Die Weißen"" Bewegung überparteilicher Bürgerinitiativen",21.06.1994
333,"""Die Weißen"" Bewegung überparteilicher Bürgerinitiativen",28.06.1994
334,"""DIE WEISSEN"", Kurzbezeichnung ""WEISS""",08.06.2010
335,"""Die Welser Freiheitlichen"" (FPW)",05.10.2005
336,"""DIE WIRTSCHAFTSPARTEI""",03.02.1992
337,"""Direkt-Demokratische Plattform Österreichs"", kurz ""DDP""",18.11.2003
338,"""DONAU - STADT - PARTEI"" (Abkürzung ""DSP"")",30.09.1997
339,"""DONAUSTADT-PARTEI""",08.07.1997
340,"""dynamik 5 - europäisch, solidarisch, ökologisch, spirituell, politisch""",01.06.2001
341,"""Ebreichsdorfer Wahlgemeinschaft (EWG)""",08.10.1990
342,"""ECHT Josefstadt - Liste Heribert Rahdjian"", Kurzbezeichnung ""ECHT""",21.03.2013
343,"""Ein Herz für Inländer"" (Herz)",13.06.1988
344,"""EINE BESSERE WELT ÖSTERREICH"" -EBWÖ-, Kurzbezeichnung: ""EBWÖ""",07.09.2005
345,"""ENOTNA LISTA - Einheitsliste (EL)""",25.07.1991
346,"""Ergokratische Partei Österreichs"", abgekürzt ""EPÖ""",03.03.1978
347,"""'Esobioterik'-Bewegung Europas (EBT)""",09.01.2003
348,"""Ethik-Partei-Europa""; Kurzform: ""EtP-EU"" In Österreich: ""Ethik-Partei-Europa/AUT""; Kurzform: EtP-EU/AUT""",17.08.2005
349,"""EU-Austrittspartei""",07.10.2011
350,"""EUGP - Europäische Generationen Partei""",22.02.2008
351,"""Euredo""",06.12.2011
352,"""EUROMED""",21.02.1997
353,"""Europäisch Asiatisch Arabische Union"" (EAAU)",10.11.2006
354,"""EUROPÄISCHE BÜRGERNOTWEHR ZUR WAHRUNG DER WÄHRUNGSPOLITISCHEN EINHEIT (EBN)""",10.09.2012
355,"""EUROPÄISCHE FREIHEITS-BEWEGUNG (EFB)""",28.06.1984
356,"""EUROPÄISCHE LIBERALE""",18.07.1990
357,"""Europäische Partei Ostara Bildungswerk"" (EPOBW)",13.06.1984
358,"""Europäische Partei Österreichs"", kurz ""E.P.Ö.""",01.04.1983
359,"""Fachschaftsliste der Universität für Bodenkultur""",25.01.1993
360,"""Fachschaftsliste""",06.05.1987
361,"""Familienpartei Österreich"" (Kurzbezeichnung ""FAPÖ"")",03.10.2005
362,"""Forum Austritt Österreichs aus der EU""",05.03.2013
363,"""FPÖ - die Tiroler Freiheitlichen"", kurz ""FPÖ - Tirol""",06.05.2003
364,"""Frankenburger Alternative"" (FAL)",04.11.1998
365,"""FRAUENPARTEI""",25.10.1995
366,"""Freidemokraten (Freie)""",12.04.2012
367,"""Freie Demokraten Salzburg"" (FDS)",05.11.2003
368,"""Freie Demokratische Partei (FDP)""",30.06.1986
369,"""Freie Demokratische Partei Wien - Die Liberalen (F.D.P.)""",08.07.1994
370,"""Freie Humanistische Partei Österreichs""",13.10.1981
371,"""FREIE MEDIEN, BADEN""",27.03.1996
372,"""Freie Partei Lichtenwörth"", Abkürzung ""FPL""",16.11.2014
373,"""Freie Partei Tirol"", Abkürzung ""FPT""",30.11.2005
374,"""FREIE PATIENTENKAMMER in Gr. Interessengemeinschaft für eigenverantwortliche Patienten und freie Therapiewahl in Österreich""",11.08.1995
375,"""FREIE SOZIALE DEMOKRATEN"", Kürzel ""FSD""",27.03.2014
376,"""Freie Wiener Medien"" (FWM)",04.07.1997
377,"""Freies Bündnis Zukunft - Wien"", Kurzbezeichnung ""FBZ - Wien""",22.03.2010
378,"""FREIES BÜRGERFORUM - Partei für direkte Demokratie""",08.02.1983
379,"""FREIES EUROPA""",19.03.1997
380,"""Freiheitliche Partei Österreichs (FPÖ) - Die Freiheitlichen""",15.04.1977
381,"""Freiheitliche Partei Österreichs (FPÖ) - Die Freiheitlichen, Landespartei Salzburg""",15.04.1977
382,"""Freiheitliche Partei Österreichs (FPÖ) - Landesgruppe Niederösterreich - Freiheitliche Partei Niederösterreichs - Freiheitlichen Niederösterreichs""",18.09.1984
383,"""Freiheitliche Partei Österreichs (FPÖ), Landesgruppe Kärnten""",15.04.1977
384,"""Freiheitliche Partei Österreichs (FPÖ), Landesgruppe Oberösterreich""",15.04.1977
385,"""Freiheitliche Partei Österreichs (FPÖ), Landesgruppe Vorarlberg""",21.12.2005
386,"""Freiheitliche Partei Österreichs (FPÖ), Landesgruppe Wien""",15.04.1977
387,"""Freiheitliche Partei Österreichs (FPÖ), Landespartei Burgenland""",15.04.1977
388,"""Freiheitliche Partei Österreichs (FPÖ), Landespartei Steiermark""",15.04.1977
389,"""Für Österreich Partei (FÖP)""",25.03.2015
390,"""Für Tirol - Partei der Mitte""",11.07.2012
391,"""Gaddavista Partei Österreichs""",16.02.2012
392,"""GCA Global Change Alliance (Bündnis für globale Veränderung)""",06.12.2011
393,"""GELD und BÖRSE""",20.08.1987
394,"""Gemeinsam leben""",26.03.1990
395,"""GEMEINSCHAFT DER BÜRGERINNEN (GDB)""",22.08.2011
396,"""GEMEINSCHAFTLICHES-ÖSTERREICH (G-05)"", Kurzbezeichnung ""G-05""",16.10.2012
397,"""GEMEINSCHAFTLICHE-TIROLER-INITIATIVE (G-T-I)"", Kurzbezeichnung ""G-T-I""",18.12.2012
398,"""Gemeinwohl, Hausverstand, Verantwortung"", Abkürzung ""GHV""",04.05.1994
399,"""Gerechtigkeit Partei Österreich GPÖ""",23.08.2006
400,"""Gerechtigkeits-Bewegung""",23.06.1980
401,"""GERECHTIGKEITSPARTEI"" Überparteiliche Sammelbewegung für Wahrheit, Gerechtigkeit und Freiheit",31.10.1989
402,"""Gesamteuropäische Partei Österreichs (GEP)""",15.06.1976
403,"""GESAMTÖSTERREICHISCHE ALTERNATIVE LISTE (GAL)""",19.11.1982
404,"""Gesellschaftsdemokratische Partei Österreichs GPPÖ""",26.09.2006
405,"""Gesellschaftspolitische Vereinigung""",27.12.2006
406,"""GESTALTUNG für MENSCHEN (MENSCHEN ÖSTERREICH oder MENSCHEN)""",05.04.2005
407,"""GEWALTFREIE AKTION GLOBAL 2000""",01.09.1982
408,"""GPO - Generationen Partei Oesterreich""",29.10.2007
409,"""Grazer Bürgerliste"", Kurzbezeichnung ""GBL""",02.12.1991
410,"""Grazer Verkehrspartei""",06.02.2001
411,"""GRÜN - ALTERNATIVEN (GAL OÖ)""",06.05.1985
412,"""GRÜN ALTERNATIVE LISTE KORNEUBURG""",20.06.1990
413,"""Grün Alternative Liste Linz"" (GALL)",29.09.1986
414,"""GRÜN ALTERNATIVE STEIERMARK""",12.07.1985
415,"""GRÜNALGE"" (Grün-alternative Gemeindepolitik)",24.06.1986
416,"""GRÜN-ALTERNATIVE BÜRGERLISTE Gmunden (GABL)""",26.08.1985
417,"""GRÜN-ALTERNATIVE BÜRGERLISTE LANGENZERSDORF (GABL)""",16.01.1990
418,"""GRÜN-ALTERNATIVE BÜRGERLISTE Linz""",22.05.1985
419,"""Grün-Alternative Bürgerliste"", kurz ""GABL""",15.02.1988
420,"""GRÜN-ALTERNATIVE LISTE GRAZ/Liste unabhängiger Grazerinnen und Grazer (ALG)""",09.01.1987
421,"""GRÜN-ALTERNATIVE LISTE GRAZ/Unabhängige (ALG)""",09.01.1987
422,"""GRÜN-ALTERNATIVE LISTE GRAZ/Unabhängige Bürgerlisten (ALG)""",09.01.1987
423,"""Grün-Alternative Liste Österreichs (GALÖ)""",16.09.1982
424,"""GRÜN-ALTERNATIVE LISTE STEIERMARK (GRÜNE)"", Kurzbezeichnung ""VGÖ - AL""",13.03.1987
425,"""Grün-Alternative Partei Österreichs""",23.09.1982
426,"""GRÜN-ALTERNATIVE SAMMLUNG STEIERMARK"", Kurzbezeichnung ""GRAS-STEIERMARK""",26.06.1986
427,"""GRÜN-ALTERNATIVE SAMMLUNG WIEN"", Kurzbezeichnung ""GRAS-WIEN""",04.03.1986
428,"""Grün-Alternative Steiermark (Grüne)""",15.02.1988
429,"""Grün-alternative-Bürgerliste-Bürmoos, GABL""",20.09.1983
430,"""Grün-Alternatives Graz (Grüne)""",15.02.1988
431,"""Grundrisse""",05.12.2001
432,"""Grüne Alternative Hernals"", Kurzbezeichnung ""GRÜNE""",24.11.1986
433,"""Grüne Alternative Klagenfurt/Zelena Alternativa Celovec (GA Klagenfurt/ZA Celovec)""",16.09.1992
434,"""Grüne Alternative Liste Schwechat"", Kurzbezeichnung ""Die Grünen Schwechat""",19.04.1989
435,"""Grüne Alternative Liste Steyr"", Kurzformen ""GAL-Steyr"" bzw ""Die Grünen Steyr (Grüne)""",26.07.1984
436,"""Grüne Alternative Sammlung Hernals"" (GRAS Hernals)",07.05.1986
437,"""Grüne Alternative Waidhofen/Ybbs"", kurz ""GAL""",23.12.1992
438,"""GRÜNE ALTERNATIVE, DIE GRÜNEN DEUTSCH-WAGRAM"", kurz ""DIE GRÜNEN""",25.10.1995
439,"""GRÜNE ARBEITNEHMER - Grüne in der Arbeiterkammer"", Kurzbezeichnung ""GA""",18.02.2000
440,"""GRÜNE BEWEGUNG""",09.04.1982
441,"""Grüne Liste Graz (Grüne)""",15.02.1988
442,"""Grüne Liste Kreuttal"" (Kurzbezeichnung GLIK)",14.06.1995
443,"""GRÜNE LISTE Neukirchen-Zipf""",01.08.1985
444,"""Grüne Liste Österreich (GLÖ)""",25.08.1992
445,"""GRÜNE LISTE ÖSTERREICHS"", abgekürzt ""GLÖ""",17.05.1983
446,"""Grüne Liste Steiermark (Grüne)""",15.02.1988
447,"""Grüne Liste Wien"", Kurzbezeichnung ""GLW""",25.08.1992
448,"""Grüne Mitte Österreichs""",11.01.1982
449,"""Grüne Mitte""",05.06.1981
450,"""GRÜNE ÖSTERREICHS (GRÜNE)""",27.09.1982
451,"""GRÜNE ÖSTERREICHS (GRÜNE)""",26.11.1984
452,"""GRÜNE ÖSTERREICHS"" (GRÜNE) -Vereinte Grüne Parteien-",26.11.1984
453,"""GRÜNE PARTEI ÖSTERREICHS""",07.05.1980
454,"""GRÜNE PLATTFORM"", Abkürzung ""GP""",31.07.1990
455,"""Grüne Steiermark (Grüne)""",15.02.1988
456,"""Grüne und Alternative Student/inn/enliste Uni Wien"", Kurzbezeichnung ""Grüne"", Abkürzung ""GRAS""",10.09.1990
457,"""Grüne und Alternative StudentInnen - Grüne (GRAS)""",28.12.1992
458,"""Grüne Union Österreichs""",18.02.1982
459,"""GRÜNE"" (GRÜNE)",26.11.1984
460,"""GRÜNES FORUM ÖSTERREICH - WAHLGEMEINSCHAFT ÖSTERREICHISCHER GRÜNER"" (Wahlplattform von Atomgegner-, Natur- und Umweltschutzbürgerinitiativen, Behindertenselbsthilfegruppen und -organisationen, Sozial-, Frauen und Jugendorganisationen sowie grüner Politiker und sonstiger Einzelpersonen etc)",22.02.1983
461,"""Grünes Graz (Grüne)""",15.02.1988
462,"""Grünes Unabhängiges Österreich"", kurz ""Ö""",18.03.2003
463,"""Gruppe Arbeiterstandpunkt""",27.01.1986
464,"""Gruppe für revolutionäre Arbeiter/innen/politik (GRA)""",08.09.2004
465,"""Gruppe Internationalistische Kommunisten""",13.03.1989
466,"""GRUWI-Plenum""",20.03.1995
467,"""Gurgiser & Team - BürgerKlub Tirol""",13.01.2013
468,"""H.O.L.A.""",17.07.2000
469,"""HALT-BEWEGUNG""",23.05.1984
470,"""HAUSFRAUENKARTELL""",04.04.1995
471,"""Healing Power"" (HP)",05.11.1993
472,"""Heimatpartei Österreich"", Kurzbezeichnung ""HPÖ""",28.02.2008
473,"""Heinzelmännchenpartei""",10.09.2012
474,"""HELP FOR YOU Plattform für spirituelle Lebenshilfe""",12.03.2007
475,"""Hennersdorfer Bürgerinitiative"", kurz ""HeBI""",18.12.1989
476,"""Herbert Starl - Alpenforum, der Tourismus""",05.07.1994
477,"""HERNALSER GRÜNE ALTERNATIVE"", Kurzbezeichnung ""GRÜNE""",24.11.1986
478,"""HIV (Haben Immer Vernunft)""",21.06.1994
479,"""hpö - die hausstöcke""",03.02.2003
480,"""Humanistische Aktion Universität"", Abkürzung ""HAU""",09.11.1993
481,"""Humanistische Partei - Bezirksgruppe Alsergrund, Abkürzung ""HP""",09.11.1993
482,"""Humanistische Partei - Bezirksgruppe Hernals"", Abkürzung ""HP""",09.11.1993
483,"""Humanistische Partei - Bezirksgruppe Währing"", Abkürzung ""HP""",09.11.1993
484,"""Humanistische Partei - Regionalsektion Wien"", Abkürzung ""HP""",09.11.1993
485,"""Humanistische Partei Österreichs"" (HPÖ)",18.01.2006
486,"""Humanistische Partei"", Abkürzung ""HP""",09.11.1993
487,"""ICH WÄHLE NICHT""",05.05.2008
488,"""impuls-tirol""",09.02.2015
489,"""IndianerInnenpartei mit Hausverstand Österreichs"", kurz ""IÖ""",10.11.2012
490,"""INITIATIVE 2000""",29.09.2006
491,"""Initiative für eine revolutionäre Organisation""",02.05.2001
492,"""INITIATIVE FÜR GAADENER LEBENSQUALITÄT (IGL)""",17.12.1991
493,"""Initiative für mehr direkte Demokratie""",08.02.2002
494,"""Initiative für Öffentlichkeit und Kommunikation"", Abkürzung ""IfÖK""",13.10.1989
495,"""Initiative Haschisch Legal""",05.04.1982
496,"""Initiative Heimat und Umwelt"", abgekürzt ""IHU""",12.06.1990
497,"""Initiative Lebenswertes Seekirchen"", Kurzbezeichnung ""LeSe""",12.12.1994
498,"""Initiative Neue Linke"", Kurzbezeichnung ""Neue Linke"", abgekürzt ""INL"" und ""NL""",11.11.1987
499,"""Initiative Ökologischer Demokraten"", kurz ""IÖD""",22.08.1997
500,"""Initiative Österreichischer Atomkraftwerksgegner"" (kurz ""IÖAG"")",05.04.1978
501,"""Initiative zur Verbreitung unterbliebener Nachrichten - IVUN""",20.02.1986
502,"""Inn Piraten""",28.09.2012
503,"""Inovative Fraktion""",07.01.2009
504,"""INTERESSENVERBAND HANDEL-GEWERBE-INDUSTRIE INFORMATION FÜR WIRTSCHAFT UND HUMANITÄT"", Kurzbezeichnung ""IV-H.G.I.""",31.03.1983
505,"""Internationales Rechtshilfeforum"", Kurzbezeichnung ""I.R.F.""",17.02.1987
506,"""ISLAMISCH SOZIALE UNION (ISU)""",04.01.2010
507,"""Jakobinerclub""",30.04.2012
508,"""Jetzt Oder Nie""",15.06.1984
509,"""Junge Liberale""",28.01.2000
510,"""Kampuchea-Solidaritätskomitee"", abgekürzt ""KSK""",29.06.1981
511,"""Kärntner Bürgerliste"" (KBL)",28.08.1987
512,"""Keine-Partei""",29.06.2005
513,"""Kern Gesundes Österreich"", kurz ""KGÖ""",16.04.2009
514,"""Kini vo Wös oder Kwini vo Wös""",17.01.2015
515,"""KOMitee zur Verteidiguing der Gesellschaft gegen den Staat"" (KVGS)",14.10.1983
516,"""Kommunistische Organisation Wien"" (KOW)",07.04.1981
517,"""Kommunistische Partei Österreichs (KPÖ)""",13.01.1976
518,"""Kommunistischer Bund Österreichs (KB)""",20.06.1977
519,"""Kommunistischer Bund Salzburg"" (KB Salzburg)",29.12.1980
520,"""KONSERVATIVE PARTEI ÖSTERREICHS"" (K) - Die Konservativen -",11.07.1988
521,"""Konservativ-liberale Partei Österreichs""",19.06.1979
522,"""KOROSKA ENOTNA LISTA - KÄRNTNER EINHEITSLISTE (KEL)""",30.09.1987
523,"""Kritische Autonome Zelle""",10.07.1995
524,"""KRITISCHE DEMOKRATEN - KD""",09.11.1990
525,"""Kroatische Demokratische Union"", kurz ""KDU""",06.07.2008
526,"""KULTURVERBAND denkmalgeschützter Objekte""",17.11.1983
527,"""L.G.F., Liberales Golf Forum""",12.02.2010
528,"""L.U.S.T., Liberale Union Österreichs""",28.10.2004
529,"""Landesorganisation der ÖSTERREICHISCHEN VOLKSPARTEI (ÖVP) im Bundesland Salzburg""",06.02.1995
530,"""Leben ist eine bewegliche Einheit (L.i.e.b.E.)""",06.07.1995
531,"""LEBEN""",18.03.1996
532,"""Lebenswerte Partei Österreichs"", kurz ""LPÖ""",29.11.2011
533,"""Lebenswerte Stadt""",11.09.1990
534,"""LIBERALDEMOKRATISCHE PARTEI"" (LDP) - Die Liberalen -",25.04.1986
535,"""liberaldemokratische Partei"", kurz ""LDP""",20.07.2009
536,"""Liberal-Demokratische Union"", Abkürzung ""LDU""",25.08.1992
537,"""Liberal-Demokratisches Forum"" (LDF)",09.02.1993
538,"""LIBERALE BEWEGUNG ÖSTERREICHS"" (LBÖ)",18.07.1990
539,"""Liberale Demokraten"", Abkürzung ""LD""",13.11.1992
540,"""LIBERALE EUROPA - UNION""",18.07.1990
541,"""LIBERALE PARTEI ÖSTERREICHS"" (LPÖ)",25.04.1986
542,"""Liberale Stadtpartei""",19.06.2002
543,"""liberale Volksunion""",29.06.2009
544,"""Liberales Arbeitnehmerinnen und Arbeitnehmer Forum"", Abkürzung ""LIF""",11.11.1999
545,"""Liberales Forum (LIF)""",09.02.1993
546,"""Liberales Forum"" (LF)",09.02.1993
547,"""LIBERALES FORUM"" Österreich (LFÖ)",09.02.1993
548,"""Liberales Studentinnen und Studenten Forum - Unigruppe Wien"", Abkürzung ""LSF""",24.01.1995
549,"""Liberales Studentinnen und Studenten Forum - WU-Wien"", Abkürzung ""LSF - die Liberalen WU"" bzw ""LSFWU""",17.03.1998
550,"""Liberales Studentinnen und Studenten Forum Graz (LSFG)""",28.02.1997
551,"""Liberales Studentinnen und Studenten Forum Linz"", Kurzbezeichnung ""LSF-Linz""",10.01.1997
552,"""Liberales Studentinnen und Studenten Forum Salzburg"", Abkürzung ""LSF - die Liberalen""",15.04.1998
553,"""Liberales Uniforum"", Abkürzung ""LUF""",08.04.1999
554,"""Liberal-Fortschrittliche Partei - Pepi Wagner"" LFP",15.04.1996
555,"""Liberal-Republikanische Partei (LRP)""",30.06.1986
556,"""LIBERAL-SOZIALE PARTEI"" (LSP)",25.02.1986
557,"""LIBERTÄRE ASSOZIATION ÖSTERREICH-(LAÖ)""",16.10.1985
558,"""Libertäres Plenum Linz""",27.10.1988
559,"""Liga Freies Europa"" (Kurzbezeichnung LFE)",10.03.2014
560,"""Linke Alternative Liste"" (LAL)",12.06.1986
561,"""LINZER BÜRGERRAT"", Kurzform ""LBR""",02.01.2012
562,"""Liste Baum""",29.09.1992
563,"""Liste Bürger & Umwelt (LBU)""",05.07.1990
564,"""Liste der EU-Opposition Gabriele Wladyka"", abgekürzt ""LEO""",18.01.1994
565,"""Liste Dr. Martin - Für Demokratie, Kontrolle, Gerechtigkeit""",06.05.2004
566,"""Liste gegen Ausländer""",11.12.1981
567,"""Liste Hirschmann""",10.06.2005
568,"""LISTE KRITISCHER STUDENTEN""",10.09.1984
569,"""Liste Maria Lanzendorf"", kurz ""LiMaLa""",28.06.1990
570,"""LISTE ÖSTERREICH""",18.12.2012
571,"""Liste Parndorf (LIPA)""",28.12.1995
572,"""Liste Steiermark"", Kurzbezeichnung ""Liste""",21.06.2010
573,"""Liste Unabhängiger MedizinerInnen"" (LUM)",02.04.1997
574,"""Liste Unabhängiger Studierender"", Kurzbezeichnung ""LUST""",27.02.1995
575,"""LISTE VÖSENDORF 2000""",10.03.1998
576,"""LM Arbeitsgemeinschaft für Medienproduktion"", Kurzbezeichnung ""LM""",22.02.1989
577,"""LSF-Die Liberalen Linz""",12.04.2001
578,"""Manfred Bauer""",04.08.1992
579,"""Männerpartei""",04.02.2008
580,"""Marco Polo-Gesellschaft"", Untertitel ""Gesellschaft zur Förderung europäisch-chinesischer Kooperation""",30.03.1981
581,"""Marxistische Gruppe (MG)""",15.03.1985
582,"""Marxistisch-Leninistische Partei Österreichs (MLPÖ)""",05.08.1983
583,"""Medaillon""",30.11.1994
584,"""Mehrheitspartei""",17.07.2000
585,"""MENSCH UND GESELLSCHAFT""",28.03.1990
586,"""Menschenrechts-Partei"" (Kurzbezeichnung: ""MRP"", englisch ""human rights party"")",30.12.2013
587,"""Milser Dorf Blatt""",26.01.1996
588,"""Mit Anstand"" (Anstaendig)",07.12.2011
589,"""Mitte-Partei Österreichs"", kurz ""MPÖ""",18.06.2012
590,"""Mosaik""",16.06.1988
591,"""MUTBÜRGER"", kurz ""MUT""",24.10.2012
592,"""NACHBAR IN NOT""",10.11.1995
593,"""NATIONAL - FREIHEITLICHE"" (NF)",08.07.1987
594,"""National Freiheitliche Aktion"", abgekürzt ""NFA""",20.04.1984
595,"""Nationaldemokratische Partei (NDP)""",01.08.1975
596,"""Nationale Errettungspartei"" (NEP)",14.10.1983
597,"""NATIONALE FRONT""",09.07.1984
598,"""Nationale Rechtspartei - N.R.P.""",07.09.1977
599,"""NATIONALE VOLKS-PARTEI"" (N V P)",05.02.2008
600,"""Nationale Volkspartei"", kurz ""NVP""",08.11.2007
601,"""National-Europäische-Partei-Österreich"", Kurzform N.E.P.Ö.",28.02.1983
602,"""National-freiheitliche Aktion (NFA)""",17.05.1984
603,"""National-freiheitliche Partei (NFP)""",21.05.1984
604,"""National-freiheitliche Sammlung (NFS)""",21.05.1984
605,"""Nationalistische Befreiungs Front"" (NBF)",13.12.1979
606,"""Nationalistischer Bund Nordland (NBN)""",18.06.1979
607,"""National-Konservative Union (NAKU)""",02.05.1985
608,"""NATIONALREALISTISCHE ORDNUNGSPARTEI (NROP)""",24.08.1976
609,"""Naturschutz Aktiv""",15.06.1984
610,"""Naturschutz Aktiv""",23.07.1986
611,"""NEIN zur Atom-EU Bürgerliste Neutrales Österreich""",15.03.1994
612,"""NEIN-Idee Österreich"", Kurzbezeichnung: NEIN!",23.03.2015
613,"""NEOS - Das Neue Österreich und Liberales Forum"", Kurzbezeichnung ""NEOS""",10.08.2012
614,"""Neue Männerpartei Österreichs (NMÖ)""",20.04.2009
615,"""NEUE MITTE""",17.11.1975
616,"""NEUE ORDNUNG (NO)""",04.05.1987
617,"""NEUE PARTEI ÖSTERREICH""",01.12.1997
618,"""NEUE VOLKSPARTEI"", kurz ""NVP""",15.06.1989
619,"""NEUES EUROPA""",20.10.1987
620,"""Neues Leben""",22.09.1982
621,"""Neusoziale demokratische Partei"" (NSDP)",11.12.1981
622,"""Neutrales Österreich""",10.04.1996
623,"""Neutrales Österreich"", Kurzbezeichnung ""NEU""",29.04.1996
624,"""NICHT - Erste Österreichische Nicht-Partei"", Kurzfassung ""NICHT""",03.12.2014
625,"""NICHTWÄHLER""",19.12.2014
626,"""Notwehrgemeinschaft""",07.07.2003
627,"""NPÖ Nationaldemokratische Partei Österreichs""",08.04.2002
628,"""ÖBP"" Österreichische Bürger Partei",07.02.2012
629,"""ÖBWP Österreichische Bürger und Wirtschaftspartei""",11.08.2004
630,"""ÖEP - Österreichische Ethikpartei""",04.08.2009
631,"""Offene Bürgerliste Dornbirn""",21.01.1993
632,"""ÖKO-Liberale Partei (ÖLP)""",30.06.1986
633,"""Ökologisch-Demokratische Partei"", Abkürzung ""ÖDP""",25.08.1992
634,"""Ökologische Informationen (ÖI)""",11.12.1991
635,"""Ökologische Linke"" (ÖKOLI)",01.12.1998
636,"""Organisation freier Staatsbürger Österreich"", Abkürzung ""OFÖST""",30.05.1983
637,"""Organisation für Atheismus und Aufklärung"", kurz ""OAA""",04.01.1990
638,"""Österreich 2000, Partei für Freiheit, Brüderlichkeit und Toleranz""",30.01.1990
639,"""ÖSTERREICH SOUVERÄN und FREI"" (ÖSF)",30.09.2005
640,"""Österreich-Club""",27.03.1997
641,"""Österreichische aktive Partei"", Abkürzung ""Ö.A.P.""",20.09.1996
642,"""ÖSTERREICHISCHE ALLGEMEINE PARTEI"", Abkürzung ""ÖAP""",10.08.1982
643,"""Österreichische Arbeiterpartei""",12.07.1988
644,"""Österreichische Autofahrer- und Bürgerinteressen-Partei (ÖABP) Landesorganisation Steiermark""",06.02.1992
645,"""Österreichische Autofahrer- und Bürgerinteressen-Partei (ÖABP), Landesorganisation für Wien, Niederösterreich und Burgenland""",12.01.1993
646,"""Österreichische Autofahrer- und Bürgerinteressenspartei (ÖABP) - Landesorganisation Tirol""",05.05.1993
647,"""Österreichische Autofahrer- und Bürgerinteressens-Partei"" (ÖABP)",05.11.1991
648,"""Österreichische Autofahrer- und Bürgerinteressens-Partei"" (ÖABP) - Landespartei Oberösterreich",23.06.1993
649,"""Österreichische Autofahrer- und Bürgerinteressens-Partei"" (ÖABP) - Landespartei Salzburg",27.10.1992
650,"""Österreichische Befehlsverweigerer Partei & Befehlsverweigerer Partei Österreichs"" ÖBP&BPÖ",27.03.2006
651,"""Österreichische Bürger Partei (ÖBP)""",30.12.2004
652,"""Österreichische Bürger und Bewohnerinitiativen WOHNE"", Kurzbezeichnung ""WOHNE""",11.05.2015
653,"""Österreichische Bürgerbewegung""",28.07.2008
654,"""Österreichische Bürgerinitiative"", Kurzbezeichnung ""ÖBI""",05.02.1987
655,"""Österreichische Bürgerpartei Ö.B.P.""",14.11.1995
656,"""Österreichische Bürgerpartei""",29.06.1990
657,"""ÖSTERREICHISCHE BÜRGERPARTEI"", abgekürzt ""ÖBP""",12.11.1982
658,"""ÖSTERREICHISCHE DEMOKRATISCHE PROPORTION"", Kurzbezeichnung ""ÖDP""",22.12.1993
659,"""Österreichische Freiheitspartei"" (ÖFP)",14.10.1983
660,"""ÖSTERREICHISCHE FRIEDENSPARTEI (ÖFPA)""",20.11.1985
661,"""Österreichische Gerechtigkeitspartei"", kurz ""ÖGP""",11.08.1980
662,"""ÖSTERREICHISCHE GESELLSCHAFT FÜR INTERMEDIALE ZUSAMMENARBEIT"", Kurzbezeichnung ""INTERMEDIA""",24.02.1987
663,"""Österreichische Gesellschaft für Konsumenteninformation"", Kurzbezeichnung ""ÖGK""",22.02.1989
664,"""Österreichische Gesellschaft für menschliches Recht (ÖGmR)""",22.08.1983
665,"Österreichische Gesellschaft für Nahrungsinformation, Kurzbezeichnung ""ÖGN""",24.02.1987
666,"""Österreichische Gesellschaft für Verbraucherinformation und Konsumentenschutz"", Kurzbezeichnung ""ÖGV""",21.08.1989
667,"""ÖSTERREICHISCHE GESELLSCHAFT FÜR VERBRAUCHERINFORMATION"", Kurzbezeichnung ""ÖGV""",17.03.1987
668,"""Österreichische Gesellschaft zur Altstadterhaltung"", Kurzbezeichnung ""ÖGA""",21.08.1989
669,"""Österreichische Hanf Partei (ÖHP)""",13.11.2013
670,"""ÖSTERREICHISCHE HOCHSCHULPARTEI (ÖHP)""",23.05.1986
671,"""Österreichische House Partei"" ÖHoP",27.03.2003
672,"""Österreichische humanistische Partei (ÖHP)""",13.03.1981
673,"""Österreichische Individualisten-Partei"", ""ÖIP""",04.04.2015
674,"""Österreichische Initiative für Umwelt und Kultur (ÖIUK)""",10.08.1995
675,"""Österreichische Integrationspartei""",12.09.2000
676,"""Österreichische Kirchtagspartei"", Kurzbezeichnung ""ÖKiP""",16.07.2014
677,"""ÖSTERREICHISCHE KONSERVATIVE UNION, ÖKU""",07.11.1985
678,"""Österreichische MigrantInnenpartei"", Kurzbezeichnung ""ÖMP""",26.03.2007
679,"""Österreichische Mittelstandspartei"", kurz ""OMP""",04.12.1978
680,"""Österreichische Naturgesetz-Partei (ÖNP)""",07.07.1994
681,"""Österreichische Neutralitätspartei ÖNP""",22.08.1988
682,"""Österreichische Partei für das Leben (ÖPL)""",18.05.1999
683,"""Österreichische Partei tatkräftiger umsichtiger toleranter ehrlicher Staatsbürger (ÖPTUTES)""",13.11.1995
684,"""Österreichische Protestpartei"", kurz ""PP""",12.10.1982
685,"""Österreichische Tierfreundebewegung""",04.04.1997
686,"""Österreichische Unabhängigkeitspartei"" (UP)",29.06.2004
687,"""Österreichische und Europäische Tierrechtspartei und Tierschutzpartei Mensch-Umwelt-Tierschutz - Ökologisch Soziale Europa Partei"", die Kurzbezeichnung des Parteinamens lautet ""Österreichische und Europäische Tierrechtspartei"", ""Österreichische und Europäische Tierschutzpartei"", ""Österreichische Tierrechtspartei"", ""Österreichische Tierschutzpartei"", ""Europäische Tierrechtspartei"", ""Europäische Tierschutzpartei"", ""Tierrechtspartei"", ""Tierschutzpartei"", ""Die Tierrechtspartei"", ""Die Tierschutzpartei"", ""Mensch-Umwelt-Tierschutz-Partei"", ""MUT-Partei"", ""Ökologisch Soziale Europa Partei"", ""Ökosoziale Europa Partei"", ""Ökologisch Soziale Europa Bewegung"", ""Ökosoziale Europa Bewegung"", ""Ökologisch Soziale Partei Österreich"", ""Ökosoziale Partei Österreich"", abgekürzt ""Tier"", ""Tiere"", ""Tierr"", ""Tierre"", ""Tierrecht"", ""Tierechte"", ""Tierpartei"", ""Öko"", ""Ökoso"", ""Ökosoz"", ""Ökosozial"", akronymisch ""ÖTRP"", ""ÖTSP"", ""ETRP"", ""ETSP"", ""TRP"", ""TSP"", ""MUT"", ""ÖSEP"", ""ÖKSEP"", sowie ""ÖKOSEP""",18.01.2007
688,"""Österreichische Unruhestifterpartei"" (Ö.U.)",14.10.1983
689,"""Österreichische Verkehrsteilnehmer - Partei"" mit dem Untertitel ""Autonome Partei für Österreich""",19.04.1993
690,"""Österreichische Volkspartei"" (ÖVP)",14.11.1975
691,"""Österreichische Volksstimme""",08.09.2009
692,"""ÖSTERREICHISCHE VOLKSUNION""",21.01.1986
693,"""Österreichische Widerstandsbewegung"" (ÖWB)",14.10.1983
694,"""Österreichische Zukunftspartei (ÖZP)""",23.12.2003
695,"""Österreichische-Gerechtigkeits-Partei (ÖGP)""",20.05.1999
696,"""Österreichische-Partei-für-alle-Nichtwähler""",10.11.1978
697,"""ÖSTERREICHISCHER HEIMATBUND (ÖHB)""",26.04.1983
698,"""Österreichischer Heimatdienst - ÖHD""",02.06.1981
699,"""Österreichischer Seniorenbund (ÖSB)""",17.10.1977
700,"""ÖSTERREICHISCHES AGRARUMWELTFORUM""",12.03.2004
701,"""Österreichisches Bürgerrechts-Service (ÖBS)""",10.07.1996
702,"""ÖSTERREICHISCHES WIRTSCHAFTSFORUM""",19.12.1997
703,"""Österreichisches Zukunfts Volk"", gekürzt ""ÖZV""",03.11.2014
704,"""ÖSTERREICHPARTEI DE MONTE DMO""",24.04.1993
705,"""ÖSTERREICH-PARTEI""",14.01.2013
706,"""Österreich-Partei"", kurz ""OP""",14.12.1982
707,"""ÖSTERREICHS ALTERNATIVE LISTE"", Kurzbezeichnung ""ÖAL""",08.11.1982
708,"""Österreichs Bürgerbewegung""",28.07.2008
709,"""ÖSTERREICHS GRÜNE (GRÜNE)""",26.11.1984
710,"""ÖSTERREICHS LIBERALE""",18.07.1990
711,"""padema partei der marken""",16.04.2010
712,"""Pan-Sozialistische Union (PSU)""",31.01.1994
713,"""Partei 2.0""",30.01.2012
714,"""PARTEI AUFRECHTER ÖSTERREICHER (PAÖ)""",07.03.2005
715,"""Partei demokratischer Sozialisten"", Abkürzung ""PDS""",30.09.1992
716,"""Partei der Arbeit Österreichs (PdA)""",12.02.2013
717,"""Partei der ASVG-Versicherten""",02.04.1990
718,"""PARTEI DER FAULEN UND FEIGEN"", abgekürzt ""PFF""",21.07.1987
719,"""Partei der Freiheit (PDF)""",07.12.2011
720,"""Partei der Hundefreunde Österreichs""",08.08.2000
721,"""Partei der Nichtwähler"" (PDN)",23.02.1979
722,"""Partei der Nichtwähler"" (PDN)",24.09.1980
723,"""Partei der Outsider"", kurz ""PDO""",20.09.1990
724,"""PARTEI DER REPUBLIKANER"" (REP)",12.10.1989
725,"""Partei der Sozialversicherten Österreichs""",26.09.1989
726,"""Partei des angemessenen Fortschritts in maßvollen Grenzen""",18.12.2003
727,"""Partei des Volkes""",27.06.2008
728,"""Partei Freier Demokraten"", kurz ""PFD""",30.04.2003
729,"""Partei freies Österreich""",14.01.2008
730,"""Partei für Alpinismus, Realpolitik, Transparenz und Erfolg in Österreich"", Kurzbezeichnung ""Die Partei"", Abkürzung ""PARTEI""",04.09.2012
731,"""Partei für Arbeit, Rechtsstaat, Tierschutz, Elitenförderung und basisdemokratische Initiative"", Kurzbezeichnung ""Die PARTEI""",24.06.2009
732,"""Partei für Bildung, Information, Kultur und Lebensqualität"", Kurzbezeichnung ""BIKUL""",08.09.1997
733,"""Partei für demokratischen und sozialen Fortschritt""",22.02.2012
734,"""Partei für den gemäßigten Fortschritt in den Grenzen des Gesetzes"" (P.f.d.g.F.i.d.G.d.G.)",14.10.1983
735,"""Partei für den Libertären Kommunismus"" (PfdLK)",26.04.1990
736,"""Partei für deutsche Sprache und Kultur"" (Kurzform ""Deutsche Sprache und Kultur"")",26.04.2001
737,"""Partei für die Autonomie des Individuums""",23.01.1987
738,"""Partei für ganzheitliche Lebensauffassung - PGL""",04.01.1988
739,"""PARTEI für JUGEND UND VOLK"" (J + V) (NEUE JUGENDEBWEGUNG - SOZIALPOLITISCHE VOLKSPARTEI)",19.06.1979
740,"""Partei für Kultur und Kritik""",02.05.1989
741,"""Partei für maßvollen Fortschritt im Rahmen der Gesetze"", Abkürzung ""PFG""",15.07.1994
742,"""Partei für Österreich""",04.09.2012
743,"""Partei für Österreich"", kurz ""PFÖ""",14.12.1982
744,"""Partei für Qualität, Information und Kultur"", Kurzbezeichnung ""QIK""",18.01.1995
745,"""Partei für Recht und Ordnung - PRO""",29.09.1981
746,"""Partei für Rechtssicherheit und Bürgernähe (RPÖ)""",06.12.2000
747,"""Partei für sexuelle Ausschweifungen"" (P.S.A.)",14.10.1983
748,"""Partei für soziale Gerechtigkeit""",06.04.2009
749,"""Partei für Umwelt, Mensch und Arbeit"", mit dem Kürzel ""PUMA""",10.05.2010
750,"""Partei für Umweltschutz und Menschlichkeit"" (kurz ""PUM"")",11.01.1982
751,"""Partei für Umweltschutz und Menschlichkeit"" (kurz ""PUM"")",28.02.1984
752,"""PARTEI für VOLK und JUGEND (V + J)"" -VOLKSPARTEI und JUGENDBEWEGUNG-",21.05.1982
753,"""Partei für Wirtschafts- und Umweltinformation""",17.02.1993
754,"""Partei gegen Rassismus""",04.12.2006
755,"""Partei gegen rassistische Diskriminierung""",29.01.2007
756,"""Partei glücklicher Österreicher""",08.01.1998
757,"""Partei Neue Ordnung (PNO)""",06.04.1995
758,"""Partei Neues Österreich"" (PNÖ)",06.11.1981
759,"""Partei Österreich neu""",27.04.2012
760,"""Partei Österreichischer Arbeitssuchender PÖA""",26.09.2000
761,"""Partei Österreichischer Patrioten (PÖP)""",24.03.2011
762,"""Partei von, für und Mit-Menschen""",23.12.1997
763,"""Partei zur Förderung der Gesellschaft und Information im lokalen Raum""",12.09.1985
764,"""Partei zur Förderung der sozialen, lokalen, kulturellen und sportlichen Information in Wattens und Umgebung""",12.03.1986
765,"""Partei zur Förderung des Kultur- und Gesellschaftslebens""",29.08.1983
766,"""PARTEI ZUR FÖRDERUNG VON STADTTEILZENTREN""",18.09.1989
767,"""Partei zur Information von Hall und Umgebung und zur Förderung sportlicher kultureller und sozialer Kontakte""",10.10.1985
768,"""PARTEI ZUR REVITALISIERUNG ÖSTERREICHISCHER KULTURGÜTER""",06.12.1979
769,"""parteifrei""",25.07.2005
770,"""PATRIOTISCHE BEWEGUNG"" (P)",08.07.1987
771,"""Patriotische Europäer gegen die Islamisierung des Abendlandes"", kurz ""PEGIDA""",26.03.2015
772,"""Patriotische Partei Österreichs"" (PPÖ)",10.02.1978
773,"""Patriotische Sozialisten Europas"" (PSE)",09.11.2001
774,"""Pharmazeutische Studenteninitiative""",17.10.1990
775,"""PHÖ - Partei Heimatverbundener Österreicher""",11.10.2007
776,"""Piraten Partei Tirol"", Kurzbezeichnung ""PPT""",08.02.2012
777,"""Piraten Seekirchen""",19.04.2012
778,"""Piratenpartei Oberösterreich"", Kurzbezeichnung und Abkürzung ""Piraten"" bzw ""die Piraten"", Kurzbezeichnung auf Wahlvorschlägen ""PIRAT""",15.05.2014
779,"""Piratenpartei Österreichs"", Kurzbezeichnung ""Piratenpartei"", Abkürzung ""PPÖ""",31.07.2006
780,"""Piratenpartei Steiermark"", Kurzbezeichnung und Abkürzung ""Piraten"" bzw ""die Piraten"", Kurzbezeichnung auf Wahlvorschlägen ""PIRAT""",28.08.2014
781,"""Piratische Studentinnen und Studenten Österreichs"", Abkürzung ""(PiSt)""",23.09.2010
782,"""Plattform für Pluralismus und Hochschulpolitik""",30.11.1999
783,"""Politik ohne Parteibuch"" POP",03.05.1990
784,"""Pöltl für Österreich"", Kurzbezeichnung ""PfÖ""",24.10.2008
785,"""PRO HETZENDORF (PH)""",08.03.2013
786,"""Pro Kottingbrunn - Verein zur Förderung und Unterstützung der wirtschaftlichen, kulturellen und sozialen Entwicklung der Gemeinde""",12.01.1998
787,"""PRO MAUERBACH""",05.12.2014
788,"""PRO ÖSTERREICH"" (unabhängige Bürgerbewegung)",09.11.2009
789,"""progressive Partei""",10.10.1980
790,"""Projekt Demokratische Linke""",12.03.1991
791,"""Protestpartei"", kurz ""PP""",14.07.1982
792,"""PROTESTWÄHLER-PARTEI""",20.02.1992
793,"""RADIKALE PARTEI ÖSTERREICHS"" (RPÖ)",14.06.1982
794,"""Radikal-Liberale Partei (RLP)""",30.06.1986
795,"""RealDemokraten Österreichs (RDÖ)""",17.08.2012
796,"""RECHTSBLOCK""",01.03.1983
797,"""Rechtsschutzforum unabhängige Bürgerhilfe in Zusammenarbeit von Vereinigungen Europäischer Bürgerinitiativen zum Schutze des Lebens und der Menschenwürde"", Kurzbezeichnung ""R.U.B.""",03.03.1986
798,"""RED LIONS AUSTRIA - Österreichische Gesellschaft für eine bessere Welt""",24.02.1987
799,"""Reform Partei Österreich""",08.08.2008
800,"""REGNUM-DEI-RD""",14.11.1994
801,"""REICHSVOLKSFÜHRUNGSBEFEHLSMACHT"", Kurzbezeichnung ""RVFBM""",24.05.1994
802,"""REKO Rechtskonservative Partei""",14.11.2013
803,"""REPUBLIKANISCHE BEWEGUNG"" (REP)",12.10.1989
804,"""Republikanische Demokraten"" (Rep-Demo)",17.04.1990
805,"""Rettet Österreich""",27.06.2008
806,"""Revolutionär Sozialistische Organisation"" (RSO)",24.05.2007
807,"""Revolutionär-Kommunistische Organisation zur Befreiung (RKOB)""",12.04.2011
808,"""Revolutionsbräuhof""",20.03.1987
809,"""RKL (Revolutionär Kommunistische Liga)""",07.03.1979
810,"""ROSA LISTE WIEN""",19.03.1991
811,"""ROSA LISTE""",19.03.1991
812,"""ROTSTILZCHEN""",23.07.1986
813,"""RSD (realpolitische Sozialdemokratie)""",13.07.2015
814,"""RumänInnen Partei Österreich""",22.10.2014
815,"""Salzburger Piratenpartei"", Kurzbezeichnung und Abkürzung ""Salzburger Piraten"" oder ""Piraten"", Kurzbezeichnung auf Wahlvorschlägen ""PIRAT""",28.01.2013
816,"""Salzburger Seniorenbund"", Kurzbezeichnung ""SSB""",09.12.2002
817,"""SAMMLUNG CHRISTLICHER ALTERNATIVEN IN ÖSTERREICH (SCA)""",14.07.1986
818,"""Schutzverband vereinigter Pensionisten Österreichs""",05.07.1985
819,"""Senioren und Pensionisten Partei - Wien"", Kurzbezeichnung ""SEPP - Wien"", wahlweise der Zusatz ""die Seniorenpartei""",10.11.2011
820,"""Solidarische Kultur Österreich - SKÖ""",31.07.2008
821,"""Solidarität jetzt"", Kurzbezeichnung ""jetzt""",27.04.2015
822,"""Solidarität""",02.01.1996
823,"""Solidarität, Ökologie und Lebensstil"" (SOL)",26.03.1990
824,"""Sozalistische Alternative (SOAL)""",03.06.1985
825,"""Sozial Liberales Österreich"", Kurzbezeichnung ""SLÖ""",27.05.2013
826,"""Sozialanarchistische Union"", Kurzbezeichnung ""SAU""",29.09.1992
827,"""Sozialdemokratische ArbeiterInnenpartei - SDAP""",16.06.2015
828,"""Sozialdemokratische Partei Österreichs (SPÖ)""",19.08.1975
829,"""Sozialdemokratische Partei Österreichs"" (SDPÖ)",12.02.1979
830,"""Soziale Allianz Österreichs"", Kurzbezeichnung ""SAÖ""",13.12.1990
831,"""SOZIALE ARBEITERPARTEI ÖSTERREICHS"", abgekürzt ""SAÖ""",17.06.1981
832,"""Soziale Gerechtigkeitspartei Österreichs (SGÖ)""",14.05.1980
833,"""SOZIALE HEIMAT PARTEI ÖSTERREICH""",10.05.2006
834,"""Soziale Plattform Lichtenwörth"", Kurzbezeichnung ""SPL"", Abkürzung ""SP-Lichtenwörth""",30.09.2014
835,"""Soziale Volksbewegung"" (SVB)",13.05.1983
836,"""Soziale Volkspartei (SVP)""",29.10.1982
837,"""Soziale Volksunion""",21.04.1993
838,"""Soziales Bürgerforum Österreich SBÖ"", Untertitel ""Partei der Mitte""",15.12.2004
839,"""Sozialisten"", abgekürzt ""SOZ""",17.06.1991
840,"""SOZIALISTISCHE ALTERNATIVE (SOAL) - Österreichische Sektion der IV. Internationale""",10.01.1978
841,"""Sozialistische LinksPartei"" (SLP)",12.06.1996
842,"""SOZIALISTISCHE PARTEI ÖSTERREICH-FRAKTION"", Kurzform ""SPÖ-FRAKTION""",28.11.1990
843,"""SOZIALISTISCHES PATIENTENKOLLEKTIV/PATIENTENFRONT (Österreich), SPK/PF (Ö)""",20.04.2000
844,"""Sozial-konservative monarchistische Partei Österreichs (S.K.M.P.Ö.)""",14.05.1982
845,"""Sozial-Liberale Allianz"", Kurzbezeichnung ""SLA""",13.12.1990
846,"""SOZIAL-LIBERALE PARTEI"" (SLP)",25.04.1986
847,"""Sozial-Liberale Partei"", Kurzbezeichnung ""SLP""",13.12.1990
848,"""SOZIALLIBERALE-VOLKSPARTEI, (SLVP)""",12.11.1991
849,"""Stattclub""",25.01.1982
850,"""STEIRISCHE BÜRGERRECHTLER (SBR)""",21.02.1979
851,"""Steirische Unabhängige Seniorenpartei""",02.04.1999
852,"""STEIRISCH-GRÜNE BÜRGERLISTE (SGB)""",02.07.1985
853,"""Studenten für Bildung und Politik""",26.05.1988
854,"""Studenten für Medizinerausbildung und Gesundheitspolitik""",18.01.1991
855,"""Studentenprotest & Nichtwähler"" (SUN)",08.07.1987
856,"""Team für Kärnten""",21.01.2014
857,"""Team Kärnten""",09.01.2014
858,"""Team Niederösterreich, die im NÖ-Landtag vertretene Partei"", kurz ""Team Niederösterreich"" (TEAM)",03.12.2013
859,"""Team Österreich"" (Langbezeichnung: ""Team für Österreich"")",24.01.2014
860,"""Team Stronach für Burgenland""",18.12.2012
861,"""Team Stronach für Kärnten""",09.10.2012
862,"""Team Stronach für Niederösterreich""",12.10.2012
863,"""Team Stronach für Oberösterreich""",06.12.2012
864,"""Team Stronach für Österreich"" (Kurzbezeichnung : ""Team Stronach"")",25.09.2012
865,"""Team Stronach für Salzburg""",09.11.2012
866,"""Team Stronach für Steiermark""",05.12.2012
867,"""Team Stronach für Tirol""",06.11.2012
868,"""Team Stronach für Vorarlberg""",03.12.2012
869,"""Team Stronach für Wien""",28.01.2013
870,"""Teuflische Aktion"" (T.A.)",14.10.1983
871,"""Tiroler Patrioten LISTE TIROL"" - Überparteiische Plattform für Tiroler Politik -",07.07.2007
872,"""Trauner Unabhängige"", kurz ""TU""",02.07.2009
873,"""Trotzkistische Gruppe Österreichs (Für den Wiederaufbau der IV. Internationale)""",18.04.1986
874,"""U.F.I. Union zur Förderung heimatlicher Interessen""",06.12.1979
875,"""Überparteiliche Burgenlandliste""",27.04.1987
876,"""Überparteiliche Bürgerinitiative""",04.01.1999
877,"""Überparteiliche Bürgerliste""",27.04.1987
878,"""UBLÖ Unabhängige Bürgerlisten Österreich"", Kurzbezeichnung ""UBLÖ""",25.06.2015
879,"""Umweltforum Wolkersdorf""",14.04.1992
880,"""Umweltliste Gerasdorf"" (ULI)",20.06.1990
881,"""Umweltschutzpartei (Grüne)""",15.02.1988
882,"""Unabhängige Bürgerinitiative 'Rettet Österreich'""",30.07.2008
883,"""UNABHÄNGIGE BÜRGERLISTE POTTENDORF""",14.07.1994
884,"""Unabhängige Dorfliste Radfeld"" (U-D-R)",04.07.1991
885,"""Unabhängige Gemeinderatsfraktion ARBEITSKREIS MILS""",19.07.1990
886,"""Unabhängige Gemeinderatsfraktion DORFLISTE für ein lebenswertes NATTERS""",21.12.1990
887,"""Unabhängige Grüne Leonding"", ""Die unabhängigen Grünen Leonding"", Kurzbezeichnung ""UGL""",11.08.2014
888,"""Unabhängige Kulturoffensive"", Abkürzung ""UKO""",11.01.1983
889,"""UNABHÄNGIGE LISTE DER GEMEINDE WIENERWALD""",14.09.1990
890,"""Unabhängige Liste Hohenems"", kurz ""ULH""",17.04.1996
891,"""Unabhängige Liste liberaler Studierender"", Kurzbezeichnung ""ULLST""",14.11.1994
892,"""Unabhängige Partei für Fortschritt und Fremdenverkehr (Partei für volksnahe Information, Heimatpflege und Förderung des Zusammengehörigkeitsgefühles)""",30.09.1987
893,"""Unabhängige Partei Österreichs (UPÖ)""",08.04.2014
894,"""Unabhängige Seniorenpartei Österreichs"", kurz ""USenPÖ""",02.04.1999
895,"""Unabhängige VOLKSPARTEI"" (UVP) - Erste österreichische Partei für alle -",28.06.1982
896,"""UngüLtiG"" (Union nicht genug überdachten Lächelns trotz innerer Genialität)",01.10.1986
897,"""UNION 1989""",24.05.1989
898,"""UNION 1990""",24.05.1989
899,"""UNION 1991""",24.05.1989
900,"""UNION 1992""",24.05.1989
901,"""UNION 1993""",24.05.1989
902,"""UNION 1994""",24.05.1989
903,"""UNION 1995""",24.05.1989
904,"""UNION 1996""",24.05.1989
905,"""UNION 1997""",24.05.1989
906,"""UNION 1998""",24.05.1989
907,"""Union für objektive Information"" (UFOI)",20.11.1986
908,"""Union zur Förderung bürgerlicher Meinungsäußerung""",05.12.1984
909,"""Union zur Förderung des Vereinsgeschehens und der Information der Gemeindebürger""",27.12.1984
910,"""Union zur Verbreitung von Information"" (UzVvI)",24.09.1986
911,"""UPÖ - Die Partei für uns Österreicher""",18.01.2002
912,"""VAU-HEUTE""",06.12.2000
913,"""Vegetarisch-Egalitäres Bündnis"", Kurzbezeichnung ""Die VegetarierInnen"", Abkürzung ""VEB""",29.04.1994
914,"""Verband der Sozialversicherten Burgenland"", Kurzbezeichnung ""VDS B""",22.10.1990
915,"""Verband der Sozialversicherten Kärnten"", Kurzbezeichnung ""VDS K""",22.10.1990
916,"""Verband der Sozialversicherten Niederösterreich"", Kurzbezeichnung ""VDS NÖ""",22.10.1990
917,"""Verband der Sozialversicherten Oberösterreich"", Kurzbezeichnung ""VDS OÖ""",18.10.1990
918,"""Verband der Sozialversicherten Salzburg"", Kurzbezeichnung ""VDS S""",22.10.1990
919,"""Verband der Sozialversicherten Steiermark"", Kurzbezeichnung ""VDS ST""",22.10.1990
920,"""Verband der Sozialversicherten Tirol"", Kurzbezeichnung ""VDS T""",22.10.1990
921,"""Verband der Sozialversicherten Vorarlberg"", Kurzbezeichnung ""VDS V""",22.10.1990
922,"""Verband der Sozialversicherten Wien"", Kurzbezeichnung ""VDS W""",22.10.1990
923,"""Verband der Sozialversicherten"" (VDS)",26.06.1990
924,"""VERBAND der UMWELTSCHÜTZER - V.d.U."" (""AKTION GRÜNES LEBEN"")",17.01.1979
925,"""Verein christlicher und demokratischer Studenten"" (VCDS)",14.04.1987
926,"""Vereinigte Grüne Alternative""",27.04.1987
927,"""Vereinigte Grüne Burgenlandliste (GRÜNE)""",27.04.1987
928,"""Vereinigte Linke"" (VL)",16.10.1995
929,"""VEREINIGTE ÖSTERREICHISCHE GRÜN-ALTERNATIVE (VÖGA), LANDESVERBAND WIEN"", Abkürzung ""VÖGA-Wien""",11.03.1986
930,"""VEREINIGTE ÖSTERREICHISCHE GRÜN-ALTERNATIVE LANDESVERBAND KÄRNTEN"", Abkürzung ""VÖGA-Kärnten""",07.11.1986
931,"""VEREINIGTE ÖSTERREICHISCHE GRÜN-ALTERNATIVE"", Abkürzung ""VÖGA""",11.03.1986
932,"""VEREINIGTE ÖSTERREICHISCHE GRÜNE"", Abkürzung ""VÖG""",17.03.1986
933,"""VEREINIGTE ÖSTERREICHISCHE GRÜNE, LANDESVERBAND WIEN"", Abkürzung ""VÖG-Wien""",17.03.1986
934,"""VEREINIGUNG DER EU-GEGNER ÖSTERREICHS""",14.06.1994
935,"""Vereinigung liberaldemokratisches Österreich"", kurz ""VLdO""",03.08.2006
936,"""Vereinigung liberaldemokratisches Österreich"", kurz ""VLO 2000""",12.03.2001
937,"""Vereinigung Wiener Ärzte""",01.07.1991
938,"""VEREINTE ALTERNATIVE UND GRÜNE ÖSTERREICHS (VAGÖ)""",19.11.1982
939,"""Vereinte Grundsatztreue Ökologen (VGÖ)""",15.07.1983
940,"""Vereinte Grundsatztreue Ökologen, Landesverband Wien"" (VGÖ-Wien)",23.04.1985
941,"""Vereinte Grüne Alternative""",27.04.1987
942,"""Vereinte Grüne Burgenlandliste (GRÜNE)""",27.04.1987
943,"""VEREINTE GRÜNE BÜRGERLISTE (VGB), LANDESVERBAND WIEN"", Abkürzung ""VGB-Wien""",23.03.1987
944,"""VEREINTE GRÜNE BÜRGERLISTE"", Abkürzung ""VGB""",23.03.1987
945,"""Vereinte Grüne Österreichs - Landesgruppe Kärnten"", abgekürzt ""VGÖ-Kärnten""",31.01.1984
946,"""Vereinte Grüne Österreichs - Landesverband Burgenland"", abgekürzt ""VGÖ-Burgenland""",31.01.1984
947,"""VEREINTE GRÜNE ÖSTERREICHS - Landesverband Steiermark"", Kurzbezeichnung ""VGÖ-Stmk.""",06.03.1987
948,"""Vereinte Grüne Österreichs - Liste Tollmann"", abgekürzt ""VGÖ - Liste Tollmann""",08.02.1983
949,"""Vereinte Grüne Österreichs"", abgekürzt ""VGÖ""",09.03.1982
950,"""Vereinte Grüne Österreichs/Landesverband Oberösterreich"" (VGOÖ)",13.01.1984
951,"""Vereinte Grüne Österreichs/Landesverband Vorarlberg"", abgekürzt ""VGÖ-Vorarlberg""",09.12.1985
952,"""Vereinte Grüne Österreichs-Landesgruppe Tirol (VGÖ-Tirol)""",02.11.1989
953,"""VEREINTE GRÜNE ÖSTERREICHS-Landesverband Salzburg"" (Kurzbezeichnung: VGÖ/SBG.)",18.01.1984
954,"""VEREINTE GRÜNE ÖSTERREICHS-Landesverband Steiermark"", Kurzbezeichnung ""VGÖ-Stmk""",06.06.1991
955,"""VEREINTE GRÜNE ÖSTERREICHS-Stadtgruppe-GRAZ"", Kurzbezeichnung ""VGÖ-GRAZ""",19.04.1991
956,"""VEREINTE GRÜNE UND ALTERNATIVE ÖSTERREICHS (VGAÖ)""",19.11.1982
957,"""VEREINTE GRÜNE"", abgekürzt ""VGR""",02.05.1983
958,"""Vereinte Österreichische Pensionisten, Kurzbezeichnung ""V-Ö-P""",21.08.1989
959,"""Verkehrs- und Umweltforum Wolkersdorf""",12.03.1991
960,"""Vernünftig-Soziale-Volkspartei Österreichs"", abgekürzt ""VSVPÖ""",23.08.1988
961,"""Villacher Liste Thaler - Für Villach""",11.04.1991
962,"""Violette Partei Österreichs (VPÖ)""",24.07.2006
963,"""Visionär Integrale Partei""",16.03.2006
964,"""VOKSSOZIALISTISCHE FREIHEITS-BEWEGUNG (VFB)""",17.09.1981
965,"""Völkisch-Sozialer Aufbruch Europas"" V.S.A.E.",11.11.1986
966,"""Volksbewegung""",11.12.1981
967,"""VOLKSPARLAMENT""",21.04.1995
968,"""VOLKSPOLITIKER""",28.12.1990
969,"""VOLKSPOLITISCHE BEWEGUNG"" (VPB)",28.12.1990
970,"""VOLKSPOLITISCHE PARTEI ÖSTERREICHS"" (VPÖ)",28.12.1990
971,"""Volksrepublikaner""",17.04.1990
972,"""Volkssozialisten Österreichs"", abgekürzt ""VS"" bzw ""VS-Ö",22.03.1978
973,"""VOLKSSOZIALISTISCHE BEWEGUNG"", abgekürzt ""VSB""",16.05.1979
974,"""Volkssozialistische Partei - VSP""",06.02.1976
975,"""Volkstreue Grüne Bewegung"", abgekürzt ""VGB""",17.01.1985
976,"""VOLKSUNION / Wahlpartei der Unabhängigen / Grüne Plattform""",21.12.1981
977,"""Vorarlberger Freiheitliche - FPÖ""",15.04.1977
978,"""Vorarlberger Kulturunion"", Abkürzung ""VKU""",29.11.1977
979,"""Vorarlbergpartei""",11.04.1994
980,"""vorwärts tirol""",16.01.2013
981,"""VOX umwelt media - Initiative für brauchbare Umweltinformation""",31.07.1992
982,"""Wahlgemeinschaft für Bürgerinitiativen und Umweltschutz (WBU) - Grüne Liste""",18.02.1980
983,"""Wahlpartei der Unabhängigen/Die Grüne Union""",28.12.1979
984,"""WAHLPLATTFORM DER GRAUEN ÖSTERREICHS (WGÖ)""",26.07.1990
985,"""Waldviertelpartei"", Abkürzung ""WAP""",19.08.1992
986,"""Waldviertler Heimatliste"", Abkürzung ""WHL""",19.08.1992
987,"""WEEED - das mögliche Österreich""",21.12.2012
988,"""Weiße"" Bewegung überparteilicher Bürgerinitiativen",21.06.1994
989,"""Welser Alternative Grünliste (WAGL)""",21.11.1983
990,"""Welser Alternative Liste (WAL)""",21.11.1983
991,"""Westösterreichische Ortsbild- und Landschaftsgestaltungspartei"" (WOP)",04.10.1978
992,"""Wien anders""",20.03.2015
993,"""Wien anders"", Kurzbezeichnung ""Andas""",24.03.2015
994,"""Wiener Forum"", in Abkürzung: ""WiF""",18.05.2005
995,"""Wiener Gesellschaft für Touristeninformation"", Kurzbezeichnung ""WGT""",21.08.1989
996,"""Wiener Landespartei der Österreichischen Volkspartei"", kurz ""Wiener ÖVP""",29.06.2007
997,"""Wir Burgenländer""",26.07.2006
998,"""WIR FÜR FLORIDSDORF"" (WIFF)",27.07.2010
999,"""Wir im Ersten - Die Stimme der BürgerInnen""",13.11.2009
1000,"""Wir im Siebten - Die Stimme der BürgerInnen""",12.04.2012
1001,"""Wir in Österreich - Die Stimme der BürgerInnen""",25.10.2011
1002,"""Wir in Wien - Die Stimme der BürgerInnen""",25.10.2011
1003,"""Wir Kärntner""",26.07.2006
1004,"""Wir Niederösterreicher""",26.07.2006
1005,"""Wir Oberösterreicher""",26.07.2006
1006,"""Wir Österreicher""",26.07.2006
1007,"""Wir Salzburger""",26.07.2006
1008,"""Wir Steirer""",26.07.2006
1009,"""Wir Tiroler""",26.07.2006
1010,"""Wir Vorarlberger""",26.07.2006
1011,"""Wir Wiener""",26.07.2006
1012,"""WIR WIR-Gruppen Wende zum Inneren Reichtum""",28.07.1994
1013,"""WIR""",10.07.2008
1014,"""WIR-GEMEINSAM""",20.10.2009
1015,"""Wirtschaftssozialistische Unternehmerpartei""",05.04.2002
1016,"""WPÖ (Weiße Partei Österreichs)""",14.12.2011
1017,"""WUI - Die Grünen"", Kurzbezeichnung ""WUI""",07.04.1993
1018,"""WWW - Bewegung WeltWeiter Wohlstand""",31.12.2014
1019,"""www.frustig.at"", Kurzbezeichnung ""Frust""",02.11.2010
1020,"""Xenopankratische Partei Österreichs - XPÖ""",13.05.2004
1021,"""Zeitgeist-Global-Österreich"", kurz ""ZPÖ""",01.02.2013
1022,"""Zentrumpartei Austria"", Abkürzung: ""ZPA"", Kurzbezeichnung: ""die Zentristen""",31.08.2005
1023,"""ZUSAMMEN""",27.04.1990
